{
    "Voltages": {
        "source": 1722.6218596951128,
        "load0": 222.38058356537
    },
    "Losses": {
        "Active Power Loss": 201075.15204291482,
        "Reactive Power Loss": 418081.9257259038
    }
}