{
    "Voltages": {
        "source": 1523.4068912046298,
        "load0": 187.13882108513008
    },
    "Losses": {
        "Active Power Loss": 160914.96444476524,
        "Reactive Power Loss": 334569.1340276267
    }
}