{
    "Voltages": {
        "source": 2282.7562444775963,
        "load0": 206.47949848565221
    },
    "Losses": {
        "Active Power Loss": 370747.6727038353,
        "Reactive Power Loss": 770855.4012118444
    }
}