{
    "Voltages": {
        "source": 2564.5022210107522,
        "load0": 150.17903503971436
    },
    "Losses": {
        "Active Power Loss": 318204.80842598225,
        "Reactive Power Loss": 661419.7292504021
    }
}