{
    "Voltages": {
        "source": 2922.164017017074,
        "load0": 130.76382218128552
    },
    "Losses": {
        "Active Power Loss": 742550.0603061075,
        "Reactive Power Loss": 1543879.3995447825
    }
}