{
    "Voltages": {
        "source": 9999.995255845008,
        "load0": 9980.408204684127
    },
    "Losses": {
        "Active Power Loss": 72199.46153311006,
        "Reactive Power Loss": 358848.79247009417
    }
}