{
    "Voltages": {
        "source": 1689.9694678157916,
        "load0": 213.88830907538258
    },
    "Losses": {
        "Active Power Loss": 138083.11472325015,
        "Reactive Power Loss": 287047.4734936169
    }
}