{
    "Voltages": {
        "source": 1735.8007811315708,
        "load0": 205.64441923330276
    },
    "Losses": {
        "Active Power Loss": 198582.96141955358,
        "Reactive Power Loss": 412884.39931989944
    }
}