{
    "Voltages": {
        "source": 3623991.955061431,
        "load0": 783.9555181687916
    },
    "Losses": {
        "Active Power Loss": 1164785189852.638,
        "Reactive Power Loss": 2421893689046.014
    }
}