{
    "Voltages": {
        "source": 3879100.6152280653,
        "load0": 866.8975433444583
    },
    "Losses": {
        "Active Power Loss": 1210574022465.718,
        "Reactive Power Loss": 2517043226922.8716
    }
}