{
    "Voltages": {
        "source": 3939392.445246486,
        "load0": 801.6009509982497
    },
    "Losses": {
        "Active Power Loss": 1549277840399.3896,
        "Reactive Power Loss": 3221430546551.8247
    }
}