{
    "Voltages": {
        "source": 1780.380636334411,
        "load0": 131.72617974134454
    },
    "Losses": {
        "Active Power Loss": 241674.29037881663,
        "Reactive Power Loss": 502464.37327243283
    }
}