{
    "Voltages": {
        "source": 1795.8120400680568,
        "load0": 140.73274057854667
    },
    "Losses": {
        "Active Power Loss": 242995.00938751808,
        "Reactive Power Loss": 505212.2611395146
    }
}