{
    "Voltages": {
        "source": 2275.42083457249,
        "load0": 174.86504811289413
    },
    "Losses": {
        "Active Power Loss": 331250.37737900193,
        "Reactive Power Loss": 688674.6517717106
    }
}