{
    "Voltages": {
        "source": 2077.428822659733,
        "load0": 217.52249209519556
    },
    "Losses": {
        "Active Power Loss": 284917.58902059204,
        "Reactive Power Loss": 592389.8824783975
    }
}