{
    "Voltages": {
        "source": 1849.5447950048963,
        "load0": 137.73342558455806
    },
    "Losses": {
        "Active Power Loss": 279477.14429364825,
        "Reactive Power Loss": 581075.6700056968
    }
}