{
    "Voltages": {
        "source": 1391.2908459682467,
        "load0": 202.6090367072441
    },
    "Losses": {
        "Active Power Loss": 78708.71838388889,
        "Reactive Power Loss": 163597.67777927459
    }
}