{
    "Voltages": {
        "source": 499.8731711082983,
        "load0": 492.7281111524284,
        "load1": 492.7258134420103,
        "load2": 489.1438851877899,
        "load3": 489.1367759844901,
        "generator0": 493.16438027796073,
        "generator1": 493.1599368184952
    },
    "RealLoss": 85800.44056922143
}